record_id,subject_id,outer_fold
NB0002_R001,NB0002,0
NB0003_R001,NB0003,0
NB0010_R001,NB0010,0
NB0013_R001,NB0013,0
NB0015_R001,NB0015,0
NB0028_R001,NB0028,0
NB0034_R001,NB0034,0
NB0051_R001,NB0051,0
NB0066_R001,NB0066,0
NB0084_R001,NB0084,0
NB0094_R001,NB0094,0
NB0118_R001,NB0118,0
NB0130_R001,NB0130,0
NB0133_R001,NB0133,0
NB0134_R001,NB0134,0
NB0142_R001,NB0142,0
NB0147_R001,NB0147,0
NB0150_R001,NB0150,0
NB0167_R001,NB0167,0
NB0187_R001,NB0187,0
NB0008_R001,NB0008,1
NB0017_R001,NB0017,1
NB0019_R001,NB0019,1
NB0023_R001,NB0023,1
NB0055_R001,NB0055,1
NB0058_R001,NB0058,1
NB0060_R001,NB0060,1
NB0080_R001,NB0080,1
NB0090_R001,NB0090,1
NB0114_R001,NB0114,1
NB0116_R001,NB0116,1
NB0117_R001,NB0117,1
NB0119_R001,NB0119,1
NB0124_R001,NB0124,1
NB0135_R001,NB0135,1
NB0136_R001,NB0136,1
NB0146_R001,NB0146,1
NB0162_R001,NB0162,1
NB0173_R001,NB0173,1
NB0027_R001,NB0027,2
NB0037_R001,NB0037,2
NB0044_R001,NB0044,2
NB0073_R001,NB0073,2
NB0082_R001,NB0082,2
NB0098_R001,NB0098,2
NB0108_R001,NB0108,2
NB0109_R001,NB0109,2
NB0110_R001,NB0110,2
NB0122_R001,NB0122,2
NB0123_R001,NB0123,2
NB0138_R001,NB0138,2
NB0143_R001,NB0143,2
NB0159_R001,NB0159,2
NB0161_R001,NB0161,2
NB0166_R001,NB0166,2
NB0188_R001,NB0188,2
NB0194_R001,NB0194,2
NB0195_R001,NB0195,2
NB0200_R001,NB0200,2
NB0042_R001,NB0042,3
NB0045_R001,NB0045,3
NB0061_R001,NB0061,3
NB0064_R001,NB0064,3
NB0068_R001,NB0068,3
NB0083_R001,NB0083,3
NB0089_R001,NB0089,3
NB0104_R001,NB0104,3
NB0107_R001,NB0107,3
NB0120_R001,NB0120,3
NB0132_R001,NB0132,3
NB0140_R001,NB0140,3
NB0151_R001,NB0151,3
NB0156_R001,NB0156,3
NB0168_R001,NB0168,3
NB0170_R001,NB0170,3
NB0174_R001,NB0174,3
NB0180_R001,NB0180,3
NB0197_R001,NB0197,3
NB0198_R001,NB0198,3
NB0012_R001,NB0012,4
NB0016_R001,NB0016,4
NB0018_R001,NB0018,4
NB0020_R001,NB0020,4
NB0038_R001,NB0038,4
NB0039_R001,NB0039,4
NB0056_R001,NB0056,4
NB0057_R001,NB0057,4
NB0070_R001,NB0070,4
NB0071_R001,NB0071,4
NB0072_R001,NB0072,4
NB0088_R001,NB0088,4
NB0097_R001,NB0097,4
NB0127_R001,NB0127,4
NB0128_R001,NB0128,4
NB0145_R001,NB0145,4
NB0171_R001,NB0171,4
NB0177_R001,NB0177,4
NB0181_R001,NB0181,4
NB0183_R001,NB0183,4
NB0196_R001,NB0196,4
NB0014_R001,NB0014,5
NB0024_R001,NB0024,5
NB0025_R001,NB0025,5
NB0029_R001,NB0029,5
NB0032_R001,NB0032,5
NB0048_R001,NB0048,5
NB0059_R001,NB0059,5
NB0065_R001,NB0065,5
NB0074_R001,NB0074,5
NB0075_R001,NB0075,5
NB0078_R001,NB0078,5
NB0081_R001,NB0081,5
NB0087_R001,NB0087,5
NB0092_R001,NB0092,5
NB0093_R001,NB0093,5
NB0126_R001,NB0126,5
NB0139_R001,NB0139,5
NB0144_R001,NB0144,5
NB0155_R001,NB0155,5
NB0158_R001,NB0158,5
NB0172_R001,NB0172,5
NB0022_R001,NB0022,6
NB0030_R001,NB0030,6
NB0033_R001,NB0033,6
NB0035_R001,NB0035,6
NB0036_R001,NB0036,6
NB0040_R001,NB0040,6
NB0043_R001,NB0043,6
NB0076_R001,NB0076,6
NB0077_R001,NB0077,6
NB0079_R001,NB0079,6
NB0095_R001,NB0095,6
NB0096_R001,NB0096,6
NB0099_R001,NB0099,6
NB0101_R001,NB0101,6
NB0111_R001,NB0111,6
NB0149_R001,NB0149,6
NB0153_R001,NB0153,6
NB0160_R001,NB0160,6
NB0189_R001,NB0189,6
NB0190_R001,NB0190,6
NB0004_R001,NB0004,7
NB0005_R001,NB0005,7
NB0026_R001,NB0026,7
NB0031_R001,NB0031,7
NB0041_R001,NB0041,7
NB0049_R001,NB0049,7
NB0050_R001,NB0050,7
NB0052_R001,NB0052,7
NB0053_R001,NB0053,7
NB0063_R001,NB0063,7
NB0086_R001,NB0086,7
NB0100_R001,NB0100,7
NB0103_R001,NB0103,7
NB0125_R001,NB0125,7
NB0131_R001,NB0131,7
NB0148_R001,NB0148,7
NB0164_R001,NB0164,7
NB0178_R001,NB0178,7
NB0191_R001,NB0191,7
NB0193_R001,NB0193,7
NB0001_R001,NB0001,8
NB0009_R001,NB0009,8
NB0021_R001,NB0021,8
NB0047_R001,NB0047,8
NB0067_R001,NB0067,8
NB0085_R001,NB0085,8
NB0102_R001,NB0102,8
NB0106_R001,NB0106,8
NB0112_R001,NB0112,8
NB0115_R001,NB0115,8
NB0129_R001,NB0129,8
NB0137_R001,NB0137,8
NB0152_R001,NB0152,8
NB0157_R001,NB0157,8
NB0163_R001,NB0163,8
NB0175_R001,NB0175,8
NB0179_R001,NB0179,8
NB0184_R001,NB0184,8
NB0186_R001,NB0186,8
NB0006_R001,NB0006,9
NB0007_R001,NB0007,9
NB0011_R001,NB0011,9
NB0046_R001,NB0046,9
NB0054_R001,NB0054,9
NB0062_R001,NB0062,9
NB0069_R001,NB0069,9
NB0091_R001,NB0091,9
NB0105_R001,NB0105,9
NB0113_R001,NB0113,9
NB0121_R001,NB0121,9
NB0141_R001,NB0141,9
NB0154_R001,NB0154,9
NB0165_R001,NB0165,9
NB0169_R001,NB0169,9
NB0176_R001,NB0176,9
NB0182_R001,NB0182,9
NB0185_R001,NB0185,9
NB0192_R001,NB0192,9
NB0199_R001,NB0199,9
